delete from test.visit;
delete from test.ticket;
delete from test.health;
delete from test.schedule;
delete from test.role;
delete from test.user;

insert into test.user(id, username, password, name, surname, patronymic, telephone, birth, sex) values
(1, '12345768', '$2a$11$upj7eNmYQk6oAXRo75iyhey3J/z3v0BM3ukQVVBKUtSf3zFPuGK1C', 'Admin', 'Testsurname1', 'Testpatronymic1', '+375(11)111-11-11', '2019-11-25', 1),
(2, '11111111', '$2a$11$jL1Yu.G1Y3JT3uqbfSHZXOw4RdKq4Ux4FmMFvq3CtBiJ7W2LfNnJC', 'Medic', 'Testsurname2', 'Testpatronymic2', '+375(22)222-22-22', '1954-08-30', 0),
(3, '22222222', '$2a$11$HS571UXZF2pYY7YHvOZF.e5gchJapoCHBhG96S/LgmviYbXU4oPXi', 'Patient', 'Testsurname3', 'Testpatronymic3', '+375(33)333-33-33', '2019-11-25', 1),
(4, '55555555', '$2a$11$jYgOP3V9lEd1ghmoOp.3V.kYNADr3n6.ce.ns5Sfsz9hjvxOT03n6', 'Receptionist', 'Testsurname5', 'Testpatronymic5', '+375(55)555-55-55', '2019-11-25', 0);

insert into test.role(id, name) values
(1, 'ROLE_ADMIN'),
(2, 'ROLE_MEDIC'),
(3, 'ROLE_PATIENT'),
(4, 'ROLE_RECEPTIONIST');

insert into test.user_role(user_id, role_id) values
(1,1),
(1,2),
(1,3),
(1,4),
--
(2,2),
(2,3),
(2,4),
--
(3,3),
--
(4,2),
(4,4);


insert into test.health (patient_id, height, weight, chest, waist, hips, nervous, constitution, musculature, leye, reye, blood, alcohol, smoke, drugs) values
(1, 155, 55, 85, 55, 70, 'Sanguine', 'Ectomorph', 'Harmonious', 0.5, 0.5, 'III-', 1, 0, 1),
(2, 165, 65, 80, 70, 80, 'Choleric', 'Mesomorph', 'Disharmonious', -0.1, 0, 'II+', 1, 0, 0),
(3, 170, 75, 90, 60, 60, 'Sanguine', 'Ectomorph', 'Harmonious', 1.1, 1.1, 'I-', 0, 0, 0);

insert into test.ticket (patient, doctor, datetime, attendance) values
(),
(),
(),
(),
();

insert into test.visit (ticket_id, datetime, complaint, examination, diagnosis, treatment) VALUES
(),
();

insert into test.schedule (doctor_id, datetime, available) values
-- 1
(2, '2019-11-25 8:00:00', 1), (2, '2019-11-25 9:00:00', 1), (2, '2019-11-25 10:00:00', 1),
(2, '2019-11-25 11:00:00', 1), (2, '2019-11-25 12:00:00', 1), (2, '2019-11-25 13:00:00', 1),
(2, '2019-11-25 14:00:00', 1), (2, '2019-11-25 15:00:00', 1), (2, '2019-11-25 16:00:00', 1),
(2, '2019-11-25 17:00:00', 1), (2, '2019-11-25 18:00:00', 1), (2, '2019-11-25 19:00:00', 1),
-- 2
(2, '2019-11-26 8:00:00', 1), (2, '2019-11-26 9:00:00', 1), (2, '2019-11-26 10:00:00', 1),
(2, '2019-11-26 11:00:00', 1), (2, '2019-11-26 12:00:00', 1), (2, '2019-11-26 13:00:00', 1),
(2, '2019-11-26 14:00:00', 1), (2, '2019-11-26 15:00:00', 1), (2, '2019-11-26 16:00:00', 1),
(2, '2019-11-26 17:00:00', 1), (2, '2019-11-26 18:00:00', 1), (2, '2019-11-26 19:00:00', 1),
-- 3
(2, '2019-11-27 8:00:00', 1), (2, '2019-11-27 9:00:00', 1), (2, '2019-11-27 10:00:00', 1),
(2, '2019-11-27 11:00:00', 1), (2, '2019-11-27 12:00:00', 1), (2, '2019-11-27 13:00:00', 1),
(2, '2019-11-27 14:00:00', 1), (2, '2019-11-27 15:00:00', 1), (2, '2019-11-27 16:00:00', 1),
(2, '2019-11-27 17:00:00', 1), (2, '2019-11-27 18:00:00', 1), (2, '2019-11-27 19:00:00', 1),
-- 4
(2, '2019-11-28 8:00:00', 1), (2, '2019-11-28 9:00:00', 1), (2, '2019-11-28 10:00:00', 1),
(2, '2019-11-28 11:00:00', 1), (2, '2019-11-28 12:00:00', 1), (2, '2019-11-28 13:00:00', 1),
(2, '2019-11-28 14:00:00', 1), (2, '2019-11-28 15:00:00', 1), (2, '2019-11-28 16:00:00', 1),
(2, '2019-11-28 17:00:00', 1), (2, '2019-11-28 18:00:00', 1), (2, '2019-11-28 19:00:00', 1),
-- 5
(2, '2019-11-29 8:00:00', 1), (2, '2019-11-29 9:00:00', 1), (2, '2019-11-29 10:00:00', 1),
(2, '2019-11-29 11:00:00', 1), (2, '2019-11-29 12:00:00', 1), (2, '2019-11-29 13:00:00', 1),
(2, '2019-11-29 14:00:00', 1), (2, '2019-11-29 15:00:00', 1), (2, '2019-11-29 16:00:00', 1),
(2, '2019-11-29 17:00:00', 1), (2, '2019-11-29 18:00:00', 1), (2, '2019-11-29 19:00:00', 1),
-- 6
(2, '2019-11-30 8:00:00', 1), (2, '2019-11-30 9:00:00', 1), (2, '2019-11-30 10:00:00', 1),
(2, '2019-11-30 11:00:00', 1), (2, '2019-11-30 12:00:00', 1), (2, '2019-11-30 13:00:00', 1),
(2, '2019-11-30 14:00:00', 1), (2, '2019-11-30 15:00:00', 1), (2, '2019-11-30 16:00:00', 1),
(2, '2019-11-30 17:00:00', 1), (2, '2019-11-30 18:00:00', 1), (2, '2019-11-30 19:00:00', 1),
7
(2, '2019-12-1 8:00:00', 1), (2, '2019-12-1 9:00:00', 1), (2, '2019-12-1 10:00:00', 1),
(2, '2019-12-1 11:00:00', 1), (2, '2019-12-1 12:00:00', 1), (2, '2019-12-1 13:00:00', 1),
(2, '2019-12-1 14:00:00', 1), (2, '2019-12-1 15:00:00', 1), (2, '2019-12-1 16:00:00', 1),
(2, '2019-12-1 17:00:00', 1), (2, '2019-12-1 18:00:00', 1), (2, '2019-12-1 19:00:00', 1),
-- 8
(2, '2019-12-2 8:00:00', 1), (2, '2019-12-2 9:00:00', 1), (2, '2019-12-2 10:00:00', 1),
(2, '2019-12-2 11:00:00', 1), (2, '2019-12-2 12:00:00', 1), (2, '2019-12-2 13:00:00', 1),
(2, '2019-12-2 14:00:00', 1), (2, '2019-12-2 15:00:00', 1), (2, '2019-12-2 16:00:00', 1),
(2, '2019-12-2 17:00:00', 1), (2, '2019-12-2 18:00:00', 1), (2, '2019-12-2 19:00:00', 1),
-- 9
(2, '2019-12-3 8:00:00', 1), (2, '2019-12-3 9:00:00', 1), (2, '2019-12-3 10:00:00', 1),
(2, '2019-12-3 11:00:00', 1), (2, '2019-12-3 12:00:00', 1), (2, '2019-12-3 13:00:00', 1),
(2, '2019-12-3 14:00:00', 1), (2, '2019-12-3 15:00:00', 1), (2, '2019-12-3 16:00:00', 1),
(2, '2019-12-3 17:00:00', 1), (2, '2019-12-3 18:00:00', 1), (2, '2019-12-3 19:00:00', 1),
-- 10
(2, '2019-12-4 8:00:00', 1), (2, '2019-12-4 9:00:00', 1), (2, '2019-12-4 10:00:00', 1),
(2, '2019-12-4 11:00:00', 1), (2, '2019-12-4 12:00:00', 1), (2, '2019-12-4 13:00:00', 1),
(2, '2019-12-4 14:00:00', 1), (2, '2019-12-4 15:00:00', 1), (2, '2019-12-4 16:00:00', 1),
(2, '2019-12-4 17:00:00', 1), (2, '2019-12-4 18:00:00', 1), (2, '2019-12-4 19:00:00', 1),
-- 11
(2, '2019-12-5 8:00:00', 1), (2, '2019-12-5 9:00:00', 1), (2, '2019-12-5 10:00:00', 1),
(2, '2019-12-5 11:00:00', 1), (2, '2019-12-5 12:00:00', 1), (2, '2019-12-5 13:00:00', 1),
(2, '2019-12-5 14:00:00', 1), (2, '2019-12-5 15:00:00', 1), (2, '2019-12-5 16:00:00', 1),
(2, '2019-12-5 17:00:00', 1), (2, '2019-12-5 18:00:00', 1), (2, '2019-12-5 19:00:00', 1),
-- 12
(2, '2019-12-6 8:00:00', 1), (2, '2019-12-6 9:00:00', 1), (2, '2019-12-6 10:00:00', 1),
(2, '2019-12-6 11:00:00', 1), (2, '2019-12-6 12:00:00', 1), (2, '2019-12-6 13:00:00', 1),
(2, '2019-12-6 14:00:00', 1), (2, '2019-12-6 15:00:00', 1), (2, '2019-12-6 16:00:00', 1),
(2, '2019-12-6 17:00:00', 1), (2, '2019-12-6 18:00:00', 1), (2, '2019-12-6 19:00:00', 1),
-- 13
(2, '2019-12-7 8:00:00', 1), (2, '2019-12-7 9:00:00', 1), (2, '2019-12-7 10:00:00', 1),
(2, '2019-12-7 11:00:00', 1), (2, '2019-12-7 12:00:00', 1), (2, '2019-12-7 13:00:00', 1),
(2, '2019-12-7 14:00:00', 1), (2, '2019-12-7 15:00:00', 1), (2, '2019-12-7 16:00:00', 1),
(2, '2019-12-7 17:00:00', 1), (2, '2019-12-7 18:00:00', 1), (2, '2019-12-7 19:00:00', 1),
-- 14
(2, '2019-12-8 8:00:00', 1), (2, '2019-12-8 9:00:00', 1), (2, '2019-12-8 10:00:00', 1),
(2, '2019-12-8 11:00:00', 1), (2, '2019-12-8 12:00:00', 1), (2, '2019-12-8 13:00:00', 1),
(2, '2019-12-8 14:00:00', 1), (2, '2019-12-8 15:00:00', 1), (2, '2019-12-8 16:00:00', 1),
(2, '2019-12-8 17:00:00', 1), (2, '2019-12-8 18:00:00', 1), (2, '2019-12-8 19:00:00', 1),
-- 15
(2, '2019-12-9 8:00:00', 1), (2, '2019-12-9 9:00:00', 1), (2, '2019-12-9 10:00:00', 1),
(2, '2019-12-9 11:00:00', 1), (2, '2019-12-9 12:00:00', 1), (2, '2019-12-9 13:00:00', 1),
(2, '2019-12-9 14:00:00', 1), (2, '2019-12-9 15:00:00', 1), (2, '2019-12-9 16:00:00', 1),
(2, '2019-12-9 17:00:00', 1), (2, '2019-12-9 18:00:00', 1), (2, '2019-12-9 19:00:00', 1),
-- 16
(2, '2019-12-10 8:00:00', 1), (2, '2019-12-10 9:00:00', 1), (2, '2019-12-10 10:00:00', 1),
(2, '2019-12-10 11:00:00', 1), (2, '2019-12-10 12:00:00', 1), (2, '2019-12-10 13:00:00', 1),
(2, '2019-12-10 14:00:00', 1), (2, '2019-12-10 15:00:00', 1), (2, '2019-12-10 16:00:00', 1),
(2, '2019-12-10 17:00:00', 1), (2, '2019-12-10 18:00:00', 1), (2, '2019-12-10 19:00:00', 1),
-- 17
(2, '2019-12-11 8:00:00', 1), (2, '2019-12-11 9:00:00', 1), (2, '2019-12-11 10:00:00', 1),
(2, '2019-12-11 11:00:00', 1), (2, '2019-12-11 12:00:00', 1), (2, '2019-12-11 13:00:00', 1),
(2, '2019-12-11 14:00:00', 1), (2, '2019-12-11 15:00:00', 1), (2, '2019-12-11 16:00:00', 1),
(2, '2019-12-11 17:00:00', 1), (2, '2019-12-11 18:00:00', 1), (2, '2019-12-11 19:00:00', 1),
-- 18
(2, '2019-12-12 8:00:00', 1), (2, '2019-12-12 9:00:00', 1), (2, '2019-12-12 10:00:00', 1),
(2, '2019-12-12 11:00:00', 1), (2, '2019-12-12 12:00:00', 1), (2, '2019-12-12 13:00:00', 1),
(2, '2019-12-12 14:00:00', 1), (2, '2019-12-12 15:00:00', 1), (2, '2019-12-12 16:00:00', 1),
(2, '2019-12-12 17:00:00', 1), (2, '2019-12-12 18:00:00', 1), (2, '2019-12-12 19:00:00', 1),
-- 19
(2, '2019-12-13 8:00:00', 1), (2, '2019-12-13 9:00:00', 1), (2, '2019-12-13 10:00:00', 1),
(2, '2019-12-13 11:00:00', 1), (2, '2019-12-13 12:00:00', 1), (2, '2019-12-13 13:00:00', 1),
(2, '2019-12-13 14:00:00', 1), (2, '2019-12-13 15:00:00', 1), (2, '2019-12-13 16:00:00', 1),
(2, '2019-12-13 17:00:00', 1), (2, '2019-12-13 18:00:00', 1), (2, '2019-12-13 19:00:00', 1),
-- 20
(2, '2019-12-14 8:00:00', 1), (2, '2019-12-14 9:00:00', 1), (2, '2019-12-14 10:00:00', 1),
(2, '2019-12-14 11:00:00', 1), (2, '2019-12-14 12:00:00', 1), (2, '2019-12-14 13:00:00', 1),
(2, '2019-12-14 14:00:00', 1), (2, '2019-12-14 15:00:00', 1), (2, '2019-12-14 16:00:00', 1),
(2, '2019-12-14 17:00:00', 1), (2, '2019-12-14 18:00:00', 1), (2, '2019-12-14 19:00:00', 1),
-- 21
(2, '2019-12-15 8:00:00', 1), (2, '2019-12-15 9:00:00', 1), (2, '2019-12-15 10:00:00', 1),
(2, '2019-12-15 11:00:00', 1), (2, '2019-12-15 12:00:00', 1), (2, '2019-12-15 13:00:00', 1),
(2, '2019-12-15 14:00:00', 1), (2, '2019-12-15 15:00:00', 1), (2, '2019-12-15 16:00:00', 1),
(2, '2019-12-15 17:00:00', 1), (2, '2019-12-15 18:00:00', 1), (2, '2019-12-15 19:00:00', 1),
-- 22
(2, '2019-12-16 8:00:00', 1), (2, '2019-12-16 9:00:00', 1), (2, '2019-12-16 10:00:00', 1),
(2, '2019-12-16 11:00:00', 1), (2, '2019-12-16 12:00:00', 1), (2, '2019-12-16 13:00:00', 1),
(2, '2019-12-16 14:00:00', 1), (2, '2019-12-16 15:00:00', 1), (2, '2019-12-16 16:00:00', 1),
(2, '2019-12-16 17:00:00', 1), (2, '2019-12-16 18:00:00', 1), (2, '2019-12-16 19:00:00', 1),
-- 23
(2, '2019-12-17 8:00:00', 1), (2, '2019-12-17 9:00:00', 1), (2, '2019-12-17 10:00:00', 1),
(2, '2019-12-17 11:00:00', 1), (2, '2019-12-17 12:00:00', 1), (2, '2019-12-17 13:00:00', 1),
(2, '2019-12-17 14:00:00', 1), (2, '2019-12-17 15:00:00', 1), (2, '2019-12-17 16:00:00', 1),
(2, '2019-12-17 17:00:00', 1), (2, '2019-12-17 18:00:00', 1), (2, '2019-12-17 19:00:00', 1),
-- 24
(2, '2019-12-18 8:00:00', 1), (2, '2019-12-18 9:00:00', 1), (2, '2019-12-18 10:00:00', 1),
(2, '2019-12-18 11:00:00', 1), (2, '2019-12-18 12:00:00', 1), (2, '2019-12-18 13:00:00', 1),
(2, '2019-12-18 14:00:00', 1), (2, '2019-12-18 15:00:00', 1), (2, '2019-12-18 16:00:00', 1),
(2, '2019-12-18 17:00:00', 1), (2, '2019-12-18 18:00:00', 1), (2, '2019-12-18 19:00:00', 1),
-- 25
(2, '2019-12-19 8:00:00', 1), (2, '2019-12-19 9:00:00', 1), (2, '2019-12-19 10:00:00', 1),
(2, '2019-12-19 11:00:00', 1), (2, '2019-12-19 12:00:00', 1), (2, '2019-12-19 13:00:00', 1),
(2, '2019-12-19 14:00:00', 1), (2, '2019-12-19 15:00:00', 1), (2, '2019-12-19 16:00:00', 1),
(2, '2019-12-19 17:00:00', 1), (2, '2019-12-19 18:00:00', 1), (2, '2019-12-19 19:00:00', 1),
-- 26
(2, '2019-12-20 8:00:00', 1), (2, '2019-12-20 9:00:00', 1), (2, '2019-12-20 10:00:00', 1),
(2, '2019-12-20 11:00:00', 1), (2, '2019-12-20 12:00:00', 1), (2, '2019-12-20 13:00:00', 1),
(2, '2019-12-20 14:00:00', 1), (2, '2019-12-20 15:00:00', 1), (2, '2019-12-20 16:00:00', 1),
(2, '2019-12-20 17:00:00', 1), (2, '2019-12-20 18:00:00', 1), (2, '2019-12-20 19:00:00', 1),
-- 27
(2, '2019-12-21 8:00:00', 1), (2, '2019-12-21 9:00:00', 1), (2, '2019-12-21 10:00:00', 1),
(2, '2019-12-21 11:00:00', 1), (2, '2019-12-21 12:00:00', 1), (2, '2019-12-21 13:00:00', 1),
(2, '2019-12-21 14:00:00', 1), (2, '2019-12-21 15:00:00', 1), (2, '2019-12-21 16:00:00', 1),
(2, '2019-12-21 17:00:00', 1), (2, '2019-12-21 18:00:00', 1), (2, '2019-12-21 19:00:00', 1),
-- 28
(2, '2019-12-22 8:00:00', 1), (2, '2019-12-22 9:00:00', 1), (2, '2019-12-22 10:00:00', 1),
(2, '2019-12-22 11:00:00', 1), (2, '2019-12-22 12:00:00', 1), (2, '2019-12-22 13:00:00', 1),
(2, '2019-12-22 14:00:00', 1), (2, '2019-12-22 15:00:00', 1), (2, '2019-12-22 16:00:00', 1),
(2, '2019-12-22 17:00:00', 1), (2, '2019-12-22 18:00:00', 1), (2, '2019-12-22 19:00:00', 1),
-- 29
(2, '2019-12-23 8:00:00', 1), (2, '2019-12-23 9:00:00', 1), (2, '2019-12-23 10:00:00', 1),
(2, '2019-12-23 11:00:00', 1), (2, '2019-12-23 12:00:00', 1), (2, '2019-12-23 13:00:00', 1),
(2, '2019-12-23 14:00:00', 1), (2, '2019-12-23 15:00:00', 1), (2, '2019-12-23 16:00:00', 1),
(2, '2019-12-23 17:00:00', 1), (2, '2019-12-23 18:00:00', 1), (2, '2019-12-23 19:00:00', 1),
-- 30
(2, '2019-12-24 8:00:00', 1), (2, '2019-12-24 9:00:00', 1), (2, '2019-12-24 10:00:00', 1),
(2, '2019-12-24 11:00:00', 1), (2, '2019-12-24 12:00:00', 1), (2, '2019-12-24 13:00:00', 1),
(2, '2019-12-24 14:00:00', 1), (2, '2019-12-24 15:00:00', 1), (2, '2019-12-24 16:00:00', 1),
(2, '2019-12-24 17:00:00', 1), (2, '2019-12-24 18:00:00', 1), (2, '2019-12-24 19:00:00', 1),
-- 31
(2, '2019-12-25 8:00:00', 1), (2, '2019-12-25 9:00:00', 1), (2, '2019-12-25 10:00:00', 1),
(2, '2019-12-25 11:00:00', 1), (2, '2019-12-25 12:00:00', 1), (2, '2019-12-25 13:00:00', 1),
(2, '2019-12-25 14:00:00', 1), (2, '2019-12-25 15:00:00', 1), (2, '2019-12-25 16:00:00', 1),
(2, '2019-12-25 17:00:00', 1), (2, '2019-12-25 18:00:00', 1), (2, '2019-12-25 19:00:00', 1);